create table main (
                      id int primary key, --унікальне значення з primary key
                      name varchar(100), 
                      surname varchar(100),
                      email varchar(100)
); 
create table study_programs(
                               field varchar(100) primary key,
                               hardest_subject varchar(100),
                               easiest_subject varchar(100),
                               avarage_grade decimal(4,1) -- всього число може містити 4 цифри (максимальне 100.0, залишаю до 1 цифри після коми)
);
create table hobby_details(
                              years_number int primary key,
                              approximate_medals_number int,
                              hours_spent_for_hobby int
);
create table study_general_info(
                                   study_id int primary key,
                                   enrollment_year int,
                                   city varchar(100),
                                   university_name varchar(100),
                                   faculty varchar(100),
                                   foreign key(study_id) references main(id), --reference для зв'язку таблиць між собою (структура як в файлі-прикладі script.sql)
                                   foreign key(faculty) references study_programs(field)
);
create table hobbies(
                        person_id int primary key,
                        hobby varchar(100),
                        level varchar(100),
                        years_in_total int,
                        foreign key(person_id) references main(id),
                        foreign key(years_in_total) references hobby_details(years_number)
);
--заповнення таблиць (дані згенеровані ШІ)
insert into main (id, name, surname, email) values
(1, 'Maria', 'Franko', 'maria.org.ua'),
(2, 'Anna', 'Shevchenko', 'anna.org.ua'),
(3, 'Oleg', 'Petrov', 'oleg.org.ua'),
(4, 'Roman', 'Sydorenko', 'roman.org.ua'),
(5, 'Vasyl', 'Yarmolenko', 'vasyl.org.ua'),
(6, 'Stepan', 'Bondarenko', 'stepan.org.ua'),
(7, 'Andrii', 'Kovalenko', 'andrii.kovalenko@gmail.com'),
(8, 'Maksym', 'Tkachenko', 'maksym.tkachenko@gmail.com'),
(9, 'Iryna', 'Melnyk', 'iryna.melnyk@gmail.com'),
(10, 'Kateryna', 'Boyko', 'kateryna.boyko@gmail.com'),
(11, 'Dmytro', 'Kravchenko', 'dmytro.kravchenko@gmail.com'),
(12, 'Olha', 'Koval', 'olha.koval@gmail.com'),
(13, 'Yulia', 'Lysenko', 'yulia.lysenko@gmail.com'),
(14, 'Artem', 'Marchenko', 'artem.marchenko@gmail.com'),
(15, 'Viktoria', 'Rudenko', 'viktoria.rudenko@gmail.com'),
(16, 'Denys', 'Savchenko', 'denys.savchenko@gmail.com'),
(17, 'Alina', 'Kostenko', 'alina.kostenko@gmail.com'),
(18, 'Bohdan', 'Polishchuk', 'bohdan.polishchuk@gmail.com'),
(19, 'Natalia', 'Hrytsenko', 'natalia.hrytsenko@gmail.com'),
(20, 'Ivan', 'Danylenko', 'ivan.danylenko@gmail.com'),
(21, 'Sofia', 'Mazur', 'sofia.mazur@gmail.com'),
(22, 'Mykhailo', 'Zakharchenko', 'mykhailo.zakharchenko@gmail.com'),
(23, 'Tetiana', 'Onyshchenko', 'tetiana.onyshchenko@gmail.com'),
(24, 'Yaroslav', 'Bondar', 'yaroslav.bondar@gmail.com'),
(25, 'Anastasia', 'Pavlenko', 'anastasia.pavlenko@gmail.com'),
(26, 'Roman', 'Moroz', 'roman.moroz@gmail.com'),
(27, 'Veronika', 'Shevchuk', 'veronika.shevchuk@gmail.com'),
(28, 'Oleksandr', 'Klymenko', 'oleksandr.klymenko@gmail.com'),
(29, 'Mariia', 'Tymoshenko', 'mariia.tymoshenko@gmail.com'),
(30, 'Vadym', 'Bilan', 'vadym.bilan@gmail.com'),
(31, 'Diana', 'Chernenko', 'diana.chernenko@gmail.com'),
(32, 'Nazar', 'Yatsenko', 'nazar.yatsenko@gmail.com'),
(33, 'Polina', 'Kushnir', 'polina.kushnir@gmail.com'),
(34, 'Oleksii', 'Soroka', 'oleksii.soroka@gmail.com'),
(35, 'Valeria', 'Shapoval', 'valeria.shapoval@gmail.com'),
(36, 'Ihor', 'Vasylenko', 'ihor.vasylenko@gmail.com'),
(37, 'Kristina', 'Semenova', 'kristina.semenova@gmail.com'),
(38, 'Taras', 'Korniienko', 'taras.korniienko@gmail.com'),
(39, 'Marta', 'Chumak', 'marta.chumak@gmail.com'),
(40, 'Yevhen', 'Levchenko', 'yevhen.levchenko@gmail.com'),
(41, 'Solomia', 'Berezhna', 'solomia.berezhna@gmail.com'),
(42, 'Pavlo', 'Mosyichuk', 'pavlo.mosyichuk@gmail.com'),
(43, 'Anna', 'Holub', 'anna.holub@gmail.com'),
(44, 'Ruslan', 'Taran', 'ruslan.taran@gmail.com'),
(45, 'Kseniia', 'Oliinyk', 'kseniia.oliinyk@gmail.com'),
(46, 'Volodymyr', 'Kucher', 'volodymyr.kucher@gmail.com'),
(47, 'Liliia', 'Bohach', 'liliia.bohach@gmail.com'),
(48, 'Serhii', 'Kozak', 'serhii.kozak@gmail.com'),
(49, 'Nina', 'Ponomarenko', 'nina.ponomarenko@gmail.com'),
(50, 'Andrii', 'Karpenko', 'andrii.karpenko@gmail.com'),
(51, 'Maksym', 'Honchar', 'maksym.honchar@gmail.com'),
(52, 'Oksana', 'Kravets', 'oksana.kravets@gmail.com'),
(53, 'Yurii', 'Lytvyn', 'yurii.lytvyn@gmail.com'),
(54, 'Vira', 'Dudnyk', 'vira.dudnyk@gmail.com'),
(55, 'Petro', 'Sydoruk', 'petro.sydoruk@gmail.com'),
(56, 'Iryna', 'Havryliuk', 'iryna.havryliuk@gmail.com'),
(57, 'Andrii', 'Kushnirenko', 'andrii.kushnirenko@gmail.com'),
(58, 'Olena', 'Babenko', 'olena.babenko@gmail.com'),
(59, 'Serhii', 'Kovalchuk', 'serhii.kovalchuk@gmail.com'),
(60, 'Tetiana', 'Melnychuk', 'tetiana.melnychuk@gmail.com'),
(61, 'Dmytro', 'Bondarenko', 'dmytro.bondarenko@gmail.com'),
(62, 'Anastasia', 'Martyniuk', 'anastasia.martyniuk@gmail.com'),
(63, 'Roman', 'Zinchenko', 'roman.zinchenko@gmail.com'),
(64, 'Kateryna', 'Yurchenko', 'kateryna.yurchenko@gmail.com'),
(65, 'Oleksii', 'Hnatyuk', 'oleksii.hnatyuk@gmail.com'),
(66, 'Alina', 'Tkach', 'alina.tkach@gmail.com'),
(67, 'Bohdan', 'Kozlov', 'bohdan.kozlov@gmail.com'),
(68, 'Marta', 'Prykhodko', 'marta.prykhodko@gmail.com'),
(69, 'Yaroslav', 'Bilyk', 'yaroslav.bilyk@gmail.com'),
(70, 'Diana', 'Fedorenko', 'diana.fedorenko@gmail.com'),
(71, 'Ivan', 'Maksymenko', 'ivan.maksymenko@gmail.com'),
(72, 'Olha', 'Kushniruk', 'olha.kushniruk@gmail.com'),
(73, 'Taras', 'Lukashuk', 'taras.lukashuk@gmail.com'),
(74, 'Viktoria', 'Romanenko', 'viktoria.romanenko@gmail.com'),
(75, 'Nazar', 'Chornyi', 'nazar.chornyi@gmail.com'),
(76, 'Sofia', 'Kozachenko', 'sofia.kozachenko@gmail.com'),
(77, 'Oleksandr', 'Danylchuk', 'oleksandr.danylchuk@gmail.com'),
(78, 'Valeria', 'Kravchuk', 'valeria.kravchuk@gmail.com'),
(79, 'Mykhailo', 'Hryniuk', 'mykhailo.hryniuk@gmail.com'),
(80, 'Anastasia', 'Tymchuk', 'anastasia.tymchuk@gmail.com'),
(81, 'Andrii', 'Vorobiov', 'andrii.vorobiov@gmail.com'),
(82, 'Yulia', 'Kozub', 'yulia.kozub@gmail.com'),
(83, 'Denys', 'Petruk', 'denys.petruk@gmail.com'),
(84, 'Olena', 'Savytska', 'olena.savytska@gmail.com'),
(85, 'Roman', 'Chernysh', 'roman.chernysh@gmail.com'),
(86, 'Kateryna', 'Bodnar', 'kateryna.bodnar@gmail.com'),
(87, 'Bohdan', 'Leshchenko', 'bohdan.leshchenko@gmail.com'),
(88, 'Marta', 'Kostyshyn', 'marta.kostyshyn@gmail.com'),
(89, 'Taras', 'Rybak', 'taras.rybak@gmail.com'),
(90, 'Iryna', 'Kushnirenko', 'iryna.kushnirenko@gmail.com'),
(91, 'Maksym', 'Shvets', 'maksym.shvets@gmail.com'),
(92, 'Diana', 'Bilous', 'diana.bilous@gmail.com'),
(93, 'Ivan', 'Ostapenko', 'ivan.ostapenko@gmail.com'),
(94, 'Sofia', 'Petryk', 'sofia.petryk@gmail.com'),
(95, 'Oleksii', 'Melnychuk', 'oleksii.melnychuk@gmail.com'),
(96, 'Viktoria', 'Doroshenko', 'viktoria.doroshenko@gmail.com'),
(97, 'Yaroslav', 'Kucherenko', 'yaroslav.kucherenko@gmail.com'),
(98, 'Alina', 'Zadorozhna', 'alina.zadorozhna@gmail.com'),
(99, 'Volodymyr', 'Palamarchuk', 'volodymyr.palamarchuk@gmail.com'),
(100, 'Natalia', 'Tkachenko', 'natalia.tkachenko@gmail.com');

insert into study_programs (field, hardest_subject, easiest_subject, avarage_grade) values
('Cybersecurity', 'Algorithms and data structure', 'Intro to math', 88.6),
('Psychology', 'Anatomy', 'English', 100.0),
('Law', 'Ukrainian laws', 'Math', 77.5),
('AI', 'Discrete math', 'Probability essentials', 88.9),
('Computer Science', 'Operating Systems', 'Computer Literacy', 89.4),
('Data Science', 'Machine Learning', 'Statistics Basics', 91.2),
('Economics', 'Macroeconomics', 'Business English', 84.7),
('Finance', 'Financial Modeling', 'Introduction to Finance', 86.8),
('Business Administration', 'Strategic Management', 'Communication Skills', 87.1),
('Marketing', 'Consumer Behavior Analysis', 'Digital Communication', 85.9),
('International Relations', 'Geopolitics', 'Academic Writing', 83.6),
('Software Engineering', 'Software Architecture', 'Programming Fundamentals', 90.3),
('Mathematics', 'Real Analysis', 'Basic Algebra', 92.5),
('Biotechnology', 'Molecular Biology', 'General Biology', 81.9),
('Mechanical Engineering', 'Thermodynamics', 'Engineering Graphics', 82.8);

insert into hobby_details(years_number, approximate_medals_number, hours_spent_for_hobby) values
(1,2,120),
(2,6,240),
(3,15,400),
(4,28,550),
(5,35,700),
(6,48,850),
(7,65,1000),
(8,90,1200);

insert into study_general_info (study_id, enrollment_year, city, university_name, faculty) values
(1, 2025, 'Kyiv', 'Kyiv School of Economics', 'Cybersecurity'),
(2, 2024, 'Kyiv', 'Kyiv School of Economics', 'Psychology'),
(3, 2025, 'Sumy', 'SumDU', 'Law'),
(4, 2023, 'Kyiv', 'KPI', 'AI'),
(5, 2022, 'Kyiv', 'Kyiv School of Economics', 'Computer Science'),
(6, 2024, 'Kharkiv', 'Kharkiv Polytechnic Institute', 'Data Science'),
(7, 2023, 'Kyiv', 'Kyiv School of Economics', 'Economics'),
(8, 2024, 'Lviv', 'Lviv Polytechnic', 'Finance'),
(9, 2025, 'Kyiv', 'Kyiv School of Economics', 'Business Administration'),
(10, 2022, 'Odesa', 'Odesa National University', 'Marketing'),
(11, 2024, 'Kyiv', 'Taras Shevchenko National University', 'International Relations'),
(12, 2023, 'Kharkiv', 'Kharkiv Polytechnic Institute', 'Software Engineering'),
(13, 2025, 'Lviv', 'Ivan Franko National University of Lviv', 'Mathematics'),
(14, 2022, 'Dnipro', 'Dnipro University of Technology', 'Biotechnology'),
(15, 2024, 'Kyiv', 'KPI', 'Mechanical Engineering'),
(16, 2023, 'Kyiv', 'Kyiv School of Economics', 'Cybersecurity'),
(17, 2024, 'Sumy', 'SumDU', 'Psychology'),
(18, 2025, 'Kyiv', 'KPI', 'Law'),
(19, 2022, 'Kyiv', 'Kyiv School of Economics', 'AI'),
(20, 2024, 'Sumy', 'SumDU', 'Computer Science'),
(21, 2023, 'Kyiv', 'Kyiv School of Economics', 'Data Science'),
(22, 2025, 'Kyiv', 'KPI', 'Economics'),
(23, 2024, 'Sumy', 'SumDU', 'Finance'),
(24, 2022, 'Kyiv', 'Kyiv School of Economics', 'Business Administration'),
(25, 2023, 'Kyiv', 'KPI', 'Marketing'),
(26, 2025, 'Sumy', 'SumDU', 'International Relations'),
(27, 2024, 'Kyiv', 'Kyiv School of Economics', 'Software Engineering'),
(28, 2022, 'Kyiv', 'KPI', 'Mathematics'),
(29, 2023, 'Sumy', 'SumDU', 'Biotechnology'),
(30, 2025, 'Kyiv', 'Kyiv School of Economics', 'Mechanical Engineering'),
(31, 2024, 'Kyiv', 'KPI', 'Cybersecurity'),
(32, 2022, 'Sumy', 'SumDU', 'Psychology'),
(33, 2023, 'Kyiv', 'Kyiv School of Economics', 'Law'),
(34, 2025, 'Kyiv', 'KPI', 'AI'),
(35, 2024, 'Sumy', 'SumDU', 'Computer Science'),
(36, 2022, 'Kyiv', 'Kyiv School of Economics', 'Data Science'),
(37, 2023, 'Kyiv', 'KPI', 'Economics'),
(38, 2025, 'Sumy', 'SumDU', 'Finance'),
(39, 2024, 'Kyiv', 'Kyiv School of Economics', 'Business Administration'),
(40, 2022, 'Kyiv', 'KPI', 'Marketing'),
(41, 2023, 'Sumy', 'SumDU', 'International Relations'),
(42, 2025, 'Kyiv', 'Kyiv School of Economics', 'Software Engineering'),
(43, 2024, 'Kyiv', 'KPI', 'Mathematics'),
(44, 2022, 'Sumy', 'SumDU', 'Biotechnology'),
(45, 2023, 'Kyiv', 'Kyiv School of Economics', 'Mechanical Engineering'),
(46, 2025, 'Kyiv', 'KPI', 'Cybersecurity'),
(47, 2024, 'Sumy', 'SumDU', 'Psychology'),
(48, 2022, 'Kyiv', 'Kyiv School of Economics', 'Law'),
(49, 2023, 'Kyiv', 'KPI', 'AI'),
(50, 2025, 'Sumy', 'SumDU', 'Computer Science'),
(51, 2024, 'Kyiv', 'Kyiv School of Economics', 'Data Science'),
(52, 2022, 'Kyiv', 'KPI', 'Economics'),
(53, 2023, 'Sumy', 'SumDU', 'Finance'),
(54, 2025, 'Kyiv', 'Kyiv School of Economics', 'Business Administration'),
(55, 2024, 'Kyiv', 'KPI', 'Marketing'),
(56, 2022, 'Sumy', 'SumDU', 'International Relations'),
(57, 2023, 'Kyiv', 'Kyiv School of Economics', 'Software Engineering'),
(58, 2025, 'Kyiv', 'KPI', 'Mathematics'),
(59, 2024, 'Sumy', 'SumDU', 'Biotechnology'),
(60, 2022, 'Kyiv', 'Kyiv School of Economics', 'Mechanical Engineering'),
(61, 2023, 'Kyiv', 'KPI', 'Cybersecurity'),
(62, 2024, 'Sumy', 'SumDU', 'Psychology'),
(63, 2025, 'Kyiv', 'Kyiv School of Economics', 'Law'),
(64, 2022, 'Kyiv', 'KPI', 'AI'),
(65, 2024, 'Sumy', 'SumDU', 'Computer Science'),
(66, 2023, 'Kyiv', 'Kyiv School of Economics', 'Data Science'),
(67, 2025, 'Kyiv', 'KPI', 'Economics'),
(68, 2022, 'Sumy', 'SumDU', 'Finance'),
(69, 2024, 'Kyiv', 'Kyiv School of Economics', 'Business Administration'),
(70, 2023, 'Kyiv', 'KPI', 'Marketing'),
(71, 2025, 'Sumy', 'SumDU', 'International Relations'),
(72, 2022, 'Kyiv', 'Kyiv School of Economics', 'Software Engineering'),
(73, 2024, 'Kyiv', 'KPI', 'Mathematics'),
(74, 2023, 'Sumy', 'SumDU', 'Biotechnology'),
(75, 2025, 'Kyiv', 'Kyiv School of Economics', 'Mechanical Engineering'),
(76, 2022, 'Kyiv', 'KPI', 'Cybersecurity'),
(77, 2024, 'Sumy', 'SumDU', 'Psychology'),
(78, 2023, 'Kyiv', 'Kyiv School of Economics', 'Law'),
(79, 2025, 'Kyiv', 'KPI', 'AI'),
(80, 2022, 'Sumy', 'SumDU', 'Computer Science'),
(81, 2024, 'Kyiv', 'Kyiv School of Economics', 'Data Science'),
(82, 2023, 'Kyiv', 'KPI', 'Economics'),
(83, 2025, 'Sumy', 'SumDU', 'Finance'),
(84, 2022, 'Kyiv', 'Kyiv School of Economics', 'Business Administration'),
(85, 2024, 'Kyiv', 'KPI', 'Marketing'),
(86, 2023, 'Sumy', 'SumDU', 'International Relations'),
(87, 2025, 'Kyiv', 'Kyiv School of Economics', 'Software Engineering'),
(88, 2022, 'Kyiv', 'KPI', 'Mathematics'),
(89, 2024, 'Sumy', 'SumDU', 'Biotechnology'),
(90, 2023, 'Kyiv', 'Kyiv School of Economics', 'Mechanical Engineering'),
(91, 2025, 'Kyiv', 'KPI', 'Cybersecurity'),
(92, 2022, 'Sumy', 'SumDU', 'Psychology'),
(93, 2024, 'Kyiv', 'Kyiv School of Economics', 'Law'),
(94, 2023, 'Kyiv', 'KPI', 'AI'),
(95, 2025, 'Sumy', 'SumDU', 'Computer Science'),
(96, 2022, 'Kyiv', 'Kyiv School of Economics', 'Data Science'),
(97, 2024, 'Kyiv', 'KPI', 'Economics'),
(98, 2023, 'Sumy', 'SumDU', 'Finance'),
(99, 2025, 'Kyiv', 'Kyiv School of Economics', 'Business Administration'),
(100, 2022, 'Kyiv', 'KPI', 'Marketing');

insert into hobbies(person_id, hobby, level, years_in_total) values
(1, 'Dance', 'Professional', 8),
(2, 'Tennis', 'Professional', 5),
(3, 'Swimming', 'Amateur', 2),
(4, 'Volleyball', 'Amateur', 1),
(5, 'Football', 'Professional', 7),
(6, 'Karate', 'Amateur', 3),
(7, 'Basketball', 'Amateur', 4),
(8, 'Chess', 'Professional', 6),
(9, 'Running', 'Amateur', 2),
(10, 'Boxing', 'Professional', 5),
(11, 'Cycling', 'Amateur', 3),
(12, 'Photography', 'Professional', 7),
(13, 'Dance', 'Amateur', 1),
(14, 'Tennis', 'Professional', 8),
(15, 'Swimming', 'Amateur', 4),
(16, 'Volleyball', 'Professional', 6),
(17, 'Football', 'Professional', 5),
(18, 'Karate', 'Amateur', 2),
(19, 'Basketball', 'Professional', 7),
(20, 'Chess', 'Amateur', 3),
(21, 'Running', 'Professional', 8),
(22, 'Boxing', 'Amateur', 4),
(23, 'Cycling', 'Professional', 6),
(24, 'Photography', 'Amateur', 2),
(25, 'Dance', 'Professional', 5),
(26, 'Tennis', 'Amateur', 1),
(27, 'Swimming', 'Professional', 7),
(28, 'Volleyball', 'Amateur', 3),
(29, 'Football', 'Professional', 8),
(30, 'Karate', 'Amateur', 4),
(31, 'Basketball', 'Professional', 5),
(32, 'Chess', 'Amateur', 2),
(33, 'Running', 'Professional', 6),
(34, 'Boxing', 'Amateur', 1),
(35, 'Cycling', 'Professional', 8),
(36, 'Photography', 'Amateur', 4),
(37, 'Dance', 'Professional', 7),
(38, 'Tennis', 'Amateur', 3),
(39, 'Swimming', 'Professional', 5),
(40, 'Volleyball', 'Amateur', 2),
(41, 'Football', 'Professional', 6),
(42, 'Karate', 'Amateur', 8),
(43, 'Basketball', 'Professional', 4),
(44, 'Chess', 'Amateur', 1),
(45, 'Running', 'Professional', 7),
(46, 'Boxing', 'Amateur', 5),
(47, 'Cycling', 'Professional', 3),
(48, 'Photography', 'Amateur', 2),
(49, 'Dance', 'Professional', 8),
(50, 'Tennis', 'Amateur', 6),
(51, 'Swimming', 'Professional', 4),
(52, 'Volleyball', 'Amateur', 7),
(53, 'Football', 'Professional', 5),
(54, 'Karate', 'Amateur', 2),
(55, 'Basketball', 'Professional', 8),
(56, 'Chess', 'Amateur', 3),
(57, 'Running', 'Professional', 6),
(58, 'Boxing', 'Amateur', 1),
(59, 'Cycling', 'Professional', 7),
(60, 'Photography', 'Amateur', 4),
(61, 'Dance', 'Professional', 5),
(62, 'Tennis', 'Amateur', 2),
(63, 'Swimming', 'Professional', 8),
(64, 'Volleyball', 'Amateur', 6),
(65, 'Football', 'Professional', 3),
(66, 'Karate', 'Amateur', 4),
(67, 'Basketball', 'Professional', 7),
(68, 'Chess', 'Amateur', 5),
(69, 'Running', 'Professional', 1),
(70, 'Boxing', 'Amateur', 8),
(71, 'Cycling', 'Professional', 6),
(72, 'Photography', 'Amateur', 2),
(73, 'Dance', 'Professional', 4),
(74, 'Tennis', 'Amateur', 7),
(75, 'Swimming', 'Professional', 5),
(76, 'Volleyball', 'Amateur', 3),
(77, 'Football', 'Professional', 8),
(78, 'Karate', 'Amateur', 1),
(79, 'Basketball', 'Professional', 6),
(80, 'Chess', 'Amateur', 4),
(81, 'Running', 'Professional', 7),
(82, 'Boxing', 'Amateur', 2),
(83, 'Cycling', 'Professional', 5),
(84, 'Photography', 'Amateur', 8),
(85, 'Dance', 'Professional', 3),
(86, 'Tennis', 'Amateur', 6),
(87, 'Swimming', 'Professional', 4),
(88, 'Volleyball', 'Amateur', 7),
(89, 'Football', 'Professional', 2),
(90, 'Karate', 'Amateur', 5),
(91, 'Basketball', 'Professional', 8),
(92, 'Chess', 'Amateur', 1),
(93, 'Running', 'Professional', 6),
(94, 'Boxing', 'Amateur', 4),
(95, 'Cycling', 'Professional', 7),
(96, 'Photography', 'Amateur', 3),
(97, 'Dance', 'Professional', 5),
(98, 'Tennis', 'Amateur', 8),
(99, 'Swimming', 'Professional', 2),
(100, 'Volleyball', 'Amateur', 6);

with joining as ( --використання CTE для join 5 таблиць за спільними колонками
    select
        m.id as student_id,
        m.name,
        m.surname,
        m.email,
        sgi.city,
        sgi.faculty,
        sp.hardest_subject,
        sp.avarage_grade,
        h.hobby,
        h.level,
        hd.hours_spent_for_hobby,
        hd.years_number,
        hd.approximate_medals_number
    from main m
             join study_general_info sgi on m.id=sgi.study_id
             join study_programs sp on sgi.faculty=sp.field
             join hobbies h on m.id=h.person_id
             join hobby_details hd on h.years_in_total =hd.years_number
)
select
    name,
    surname,
    email,
    city,
    faculty,
    avarage_grade,
    hobby,
    level,
    hours_spent_for_hobby,
    approximate_medals_number
from joining --обираю найважливіші колонки з CTE
where city in ('Kyiv', 'Sumy') -- фільтрую за містами в списку
group by --групую, використовуючи всі колонки, які обрала через select 
         name,
         surname,
         email,
         city,
         faculty,
         avarage_grade,
         hobby,
         level,
         hours_spent_for_hobby,
         approximate_medals_number
order by approximate_medals_number desc --порядок спадання кількості медалей
	









	















